author, part, title, view, fav, score
Moozund,1,Создаем первое приложение на NancyFX.,9056,92,16
Moozund,2,Создаем первое приложение на NancyFX. Часть вторая. Bootstrapper,4876,43,12
Moozund,3,Создаем первое приложение на NancyFX. Часть третья. Модули Nancy,3055,25,7
Moozund,4,Создаем первое приложение на NancyFX. Часть четвертая. Продолжаем работу с модулями,3391,15,5
Moozund,5,Создаем первое приложение на NancyFX. Часть пятая. Super Simple View Engine,2258,11,6
Moozund,6,Создаем первое приложение на NancyFX. Часть шестая. Nancy.Selfhosting,2207,28,15
MissUFO,1,Разработка Windows 8.1 приложений на XAML/С#. Часть 1. Делаем основной экран приложения на основе Hub,16078,217,24
MissUFO,2,Разработка Windows 8.1 приложений на XAML/С#. Часть 2. Работа с плитками,9086,175,21
MissUFO,3,Разработка Windows 8.1 приложений на XAML/С#. Часть 3. Панели инструментов,4979,104,9
MissUFO,4,Разработка Windows 8.1 приложений на XAML/С#. Часть 4. Поиск,5459,98,17
MissUFO,5,Разработка Windows 8.1 приложений на XAML/С#. Часть 5. Всплывающие окна и панели,7293,101,7
CleverMouse,1,Поддержка USB в KolibriOS: что внутри? Часть 1: общая схема,24987,137,161
CleverMouse,2,Поддержка USB в KolibriOS: что внутри? Часть 2: основы работы с хост-контроллерами,7955,66,75
CleverMouse,3,Поддержка USB в KolibriOS: что внутри? Часть 3: код поддержки хост-контроллеров,7814,64,75
CleverMouse,4,Поддержка USB в KolibriOS: что внутри? Часть 4: уровень поддержки каналов,5662,61,62
CleverMouse,5,Поддержка USB в KolibriOS: что внутри? Часть 5: уровень логического устройства,4170,49,26
CleverMouse,6,Поддержка USB в KolibriOS: что внутри? Часть 6: драйвер хабов,5866,64,51
AlexeyR,1,Логика мышления. Часть 1. Нейрон,100766,1003,44
AlexeyR,2,Логика мышления. Часть 2. Факторы,24513, 286,22
AlexeyR,3,Логика мышления. Часть 3. Персептрон comma  сверточные сети,28540,432,46
AlexeyR,4,Логика мышления. Часть 4. Фоновая активность,25935,297,32
AlexeyR,5,Логика мышления. Часть 5. Волны мозга,18770,284,32
AlexeyR,6,Логика мышления. Часть 6. Система проекций,18135,295,37
AlexeyR,7,Логика мышления. Часть 7. Интерфейс человек-компьютер,14040,206,21
AlexeyR,8,Логика мышления. Часть 8. Выделение факторов в волновых сетях,9932,173,16
AlexeyR,9,Логика мышления. Часть 9. Паттерны нейронов-детекторов. Обратная проекция,7288,205,23
AlexeyR,10,Логика мышления. Часть 10. Пространственная самоорганизация,9221,183,23
AlexeyR,11,Логика мышления. Часть 11. Динамические нейронные сети. Ассоциативность,9651,226,31
AlexeyR,12,Логика мышления. Часть 12. Следы памяти,12801,210,35
AlexeyR,13,Логика мышления. Часть 13. Ассоциативная память,12057,234,26
AlexeyR,14,Логика мышления. Часть 14. Гиппокамп,12052,213,33
AlexeyR,15,Логика мышления. Часть 15. Консолидация памяти,8385,188,26
AlexeyR,16,Логика мышления. Часть 16. Пакетное представление информации,5946,151,23
AlexeyR,17,Логика мышления. Часть 17. Реляционная модель данных,9971,179,34
viklviv,1,Чертежи в SVG формате. Часть 1 — Черновик стандарта,9925,72,27
viklviv,2,Чертежи в SVG формате. Часть 2. — Черновик стандарта,5005,47,11
viklviv,3,Чертежи в SVG формате. Часть 3. — Черновик стандарта,4539,56,15
viklviv,4,Чертежи в SVG формате. Часть 4. — Черновик стандарта,4454,61,23
viklviv,5,Чертежи в SVG формате. Часть 5. — Черновик стандарта,3535,48,14
natexriver,1,Автоматизированное тестирование веб-приложения (MS Unit Testing Framework + Selenium WebDriver C#). Часть 1: Введение,15724,81,1
natexriver,2,Автоматизированное тестирование веб-приложения (MS Unit Testing Framework + Selenium WebDriver C#). Часть 2.1: Selenium API wrapper — Browser,13821,146,15
natexriver,3,Автоматизированное тестирование веб-приложения (MS Unit Testing Framework + Selenium WebDriver C#). Часть 2.2: Selenium API wrapper — WebElement,9547,93,8
natexriver,4,Автоматизированное тестирование веб-приложения (MS Unit Testing Framework + Selenium WebDriver C#). Часть 3: WebPages — описываем страницы,6238,71,9
natexriver,5,Автоматизированное тестирование веб-приложения (MS Unit Testing Framework + Selenium WebDriver C#). Часть 4: Наконец-то пишем тесты,10655,48,4
Akson87,1,Пример использования WxPython для создания нодового интерфейса. Часть 1: Учимся рисовать,9481,168,15
Akson87,2,Пример использования WxPython для создания нодового интерфейса. Часть 2: Обработка событий мыши,3574,60,15
Akson87,3,Пример использования WxPython для создания нодового интерфейса. Часть 3: Продолжаем добавлять фичи + обработка клавиатуры,4003,86,19
Akson87,4,Пример использования WxPython для создания нодового интерфейса. Часть 4: Реализуем Drag&Drop,4146,91,12
Akson87,5,Пример использования WxPython для создания нодового интерфейса. Часть 5: Соединяем ноды,2944,62,11
